No,ExpNumber,Species,Isolates,Treatments ,Dilution,techRep,Full_Exp_Code,Exp_Code,  ,radial_growth,Measurement 1,Measurement 2,Measurement 3,Measurement 4,Dates,Comments
1,EXP5,Rhizoctonia solani,FELCC 26,DelaroComplete 3 active ingr (Proth+Trif+Fluop),Dilution1,Rep1,EXP5_FELCC 26_DelaroComplete 3 active ingr (Proth+Trif+Fluop)_Dilution1_Rep1,FR_EXP5_1,6.292,Layer1,1.988,2.202,1.786,2.19,07/10/2024-07/12/2024,
2,EXP5,Rhizoctonia solani,FELCC 26,DelaroComplete 3 active ingr (Proth+Trif+Fluop),Dilution1,Rep2,EXP5_FELCC 26_DelaroComplete 3 active ingr (Proth+Trif+Fluop)_Dilution1_Rep2,FR_EXP5_2,6.292,Layer1,1.158,1.68,1.298,1.226,07/10/2024-07/12/2025,
3,EXP5,Rhizoctonia solani,FELCC 26,DelaroComplete 3 active ingr (Proth+Trif+Fluop),Dilution1,Rep3,EXP5_FELCC 26_DelaroComplete 3 active ingr (Proth+Trif+Fluop)_Dilution1_Rep3,FR_EXP5_3,6.292,Layer1,0.904,0.846,1.068,1.479,07/10/2024-07/12/2026,
4,EXP5,Rhizoctonia solani,FELCC 26,DelaroComplete 3 active ingr (Proth+Trif+Fluop),Dilution2,Rep1,EXP5_FELCC 26_DelaroComplete 3 active ingr (Proth+Trif+Fluop)_Dilution2_Rep1,FR_EXP5_4,0.6292,Layer1,0,0,0,0,07/10/2024-07/12/2027,
5,EXP5,Rhizoctonia solani,FELCC 26,DelaroComplete 3 active ingr (Proth+Trif+Fluop),Dilution2,Rep2,EXP5_FELCC 26_DelaroComplete 3 active ingr (Proth+Trif+Fluop)_Dilution2_Rep2,FR_EXP5_5,0.6292,Layer1,0,0,0,0,07/10/2024-07/12/2028,
6,EXP5,Rhizoctonia solani,FELCC 26,DelaroComplete 3 active ingr (Proth+Trif+Fluop),Dilution2,Rep3,EXP5_FELCC 26_DelaroComplete 3 active ingr (Proth+Trif+Fluop)_Dilution2_Rep3,FR_EXP5_6,0.6292,Layer1,0,0,0,0,07/10/2024-07/12/2029,
7,EXP5,Rhizoctonia solani,FELCC 26,DelaroComplete 3 active ingr (Proth+Trif+Fluop),Dilution3,Rep1,EXP5_FELCC 26_DelaroComplete 3 active ingr (Proth+Trif+Fluop)_Dilution3_Rep1,FR_EXP5_7,0.06292,Layer1,0.794,0.564,1.183,0.9,07/10/2024-07/12/2030,
8,EXP5,Rhizoctonia solani,FELCC 26,DelaroComplete 3 active ingr (Proth+Trif+Fluop),Dilution3,Rep2,EXP5_FELCC 26_DelaroComplete 3 active ingr (Proth+Trif+Fluop)_Dilution3_Rep2,FR_EXP5_8,0.06292,Layer1,0.875,0.909,0.864,0.921,07/10/2024-07/12/2031,
9,EXP5,Rhizoctonia solani,FELCC 26,DelaroComplete 3 active ingr (Proth+Trif+Fluop),Dilution3,Rep3,EXP5_FELCC 26_DelaroComplete 3 active ingr (Proth+Trif+Fluop)_Dilution3_Rep3,FR_EXP5_9,0.06292,Layer1,1.009,0.813,0.954,1.108,07/10/2024-07/12/2032,
10,EXP5,Rhizoctonia solani,FELCC 26,DelaroComplete 3 active ingr (Proth+Trif+Fluop),ddH20,Rep1,EXP5_FELCC 26_DelaroComplete 3 active ingr (Proth+Trif+Fluop)_ddH20_Rep1,FR_EXP5_10,0,Layer1,14.206,16.519,14.293,11.525,07/10/2024-07/12/2033,
11,EXP5,Rhizoctonia solani,FELCC 26,DelaroComplete 3 active ingr (Proth+Trif+Fluop),ddH20,Rep2,EXP5_FELCC 26_DelaroComplete 3 active ingr (Proth+Trif+Fluop)_ddH20_Rep2,FR_EXP5_11,0,Layer1,6.957,6.908,5.497,10.935,07/10/2024-07/12/2034,
12,EXP5,Rhizoctonia solani,FELCC 26,DelaroComplete 3 active ingr (Proth+Trif+Fluop),ddH20,Rep3,EXP5_FELCC 26_DelaroComplete 3 active ingr (Proth+Trif+Fluop)_ddH20_Rep3,FR_EXP5_12,0,Layer1,14.244,6.713,13.461,17.418,07/10/2024-07/12/2035,
13,EXP5,Diaporthe longicolla,FELCC193,DelaroComplete 3 active ingr (Proth+Trif+Fluop),Dilution1,Rep1,EXP5_FELCC193_DelaroComplete 3 active ingr (Proth+Trif+Fluop)_Dilution1_Rep1,FR_EXP5_13,6.292,Layer1,0,0,0,0,07/10/2024-07/12/2036,
14,EXP5,Diaporthe longicolla,FELCC193,DelaroComplete 3 active ingr (Proth+Trif+Fluop),Dilution1,Rep2,EXP5_FELCC193_DelaroComplete 3 active ingr (Proth+Trif+Fluop)_Dilution1_Rep2,FR_EXP5_14,6.292,Layer1,0,0,0,0,07/10/2024-07/12/2037,
15,EXP5,Diaporthe longicolla,FELCC193,DelaroComplete 3 active ingr (Proth+Trif+Fluop),Dilution1,Rep3,EXP5_FELCC193_DelaroComplete 3 active ingr (Proth+Trif+Fluop)_Dilution1_Rep3,FR_EXP5_15,6.292,Layer1,0,0,0,0,07/10/2024-07/12/2038,
16,EXP5,Diaporthe longicolla,FELCC193,DelaroComplete 3 active ingr (Proth+Trif+Fluop),Dilution2,Rep1,EXP5_FELCC193_DelaroComplete 3 active ingr (Proth+Trif+Fluop)_Dilution2_Rep1,FR_EXP5_16,0.6292,Layer1,0,0,0,0,07/10/2024-07/12/2039,
17,EXP5,Diaporthe longicolla,FELCC193,DelaroComplete 3 active ingr (Proth+Trif+Fluop),Dilution2,Rep2,EXP5_FELCC193_DelaroComplete 3 active ingr (Proth+Trif+Fluop)_Dilution2_Rep2,FR_EXP5_17,0.6292,Layer1,0,0,0,0,07/10/2024-07/12/2040,
18,EXP5,Diaporthe longicolla,FELCC193,DelaroComplete 3 active ingr (Proth+Trif+Fluop),Dilution2,Rep3,EXP5_FELCC193_DelaroComplete 3 active ingr (Proth+Trif+Fluop)_Dilution2_Rep3,FR_EXP5_18,0.6292,Layer1,0,0,0,0,07/10/2024-07/12/2041,
19,EXP5,Diaporthe longicolla,FELCC193,DelaroComplete 3 active ingr (Proth+Trif+Fluop),Dilution3,Rep1,EXP5_FELCC193_DelaroComplete 3 active ingr (Proth+Trif+Fluop)_Dilution3_Rep1,FR_EXP5_19,0.06292,Layer1,0,0,0,0,07/10/2024-07/12/2042,
20,EXP5,Diaporthe longicolla,FELCC193,DelaroComplete 3 active ingr (Proth+Trif+Fluop),Dilution3,Rep2,EXP5_FELCC193_DelaroComplete 3 active ingr (Proth+Trif+Fluop)_Dilution3_Rep2,FR_EXP5_20,0.06292,Layer1,0,0,0,0,07/10/2024-07/12/2043,
21,EXP5,Diaporthe longicolla,FELCC193,DelaroComplete 3 active ingr (Proth+Trif+Fluop),Dilution3,Rep3,EXP5_FELCC193_DelaroComplete 3 active ingr (Proth+Trif+Fluop)_Dilution3_Rep3,FR_EXP5_21,0.06292,Layer1,0,0,0,0,07/10/2024-07/12/2044,
22,EXP5,Diaporthe longicolla,FELCC193,DelaroComplete 3 active ingr (Proth+Trif+Fluop),ddH20,Rep1,EXP5_FELCC193_DelaroComplete 3 active ingr (Proth+Trif+Fluop)_ddH20_Rep1,FR_EXP5_22,0,Layer1,4.487,4.699,3.321,4.93,07/10/2024-07/12/2045,
23,EXP5,Diaporthe longicolla,FELCC193,DelaroComplete 3 active ingr (Proth+Trif+Fluop),ddH20,Rep2,EXP5_FELCC193_DelaroComplete 3 active ingr (Proth+Trif+Fluop)_ddH20_Rep2,FR_EXP5_23,0,Layer1,11.159,9.575,7.828,9.329,07/10/2024-07/12/2046,
24,EXP5,Diaporthe longicolla,FELCC193,DelaroComplete 3 active ingr (Proth+Trif+Fluop),ddH20,Rep3,EXP5_FELCC193_DelaroComplete 3 active ingr (Proth+Trif+Fluop)_ddH20_Rep3,FR_EXP5_24,0,Layer1,10.299,10.812,9.638,10.176,07/10/2024-07/12/2047,
25,EXP5,Fusarium oxysporum ,FELCC212,DelaroComplete 3 active ingr (Proth+Trif+Fluop),Dilution1,Rep1,EXP5_FELCC212_DelaroComplete 3 active ingr (Proth+Trif+Fluop)_Dilution1_Rep1,FR_EXP5_25,6.292,Layer1,0.954,1.307,1.484,0.751,07/10/2024-07/12/2048,
26,EXP5,Fusarium oxysporum ,FELCC212,DelaroComplete 3 active ingr (Proth+Trif+Fluop),Dilution1,Rep2,EXP5_FELCC212_DelaroComplete 3 active ingr (Proth+Trif+Fluop)_Dilution1_Rep2,FR_EXP5_26,6.292,Layer1,0.883,1.025,0.659,0.601,07/10/2024-07/12/2049,
27,EXP5,Fusarium oxysporum ,FELCC212,DelaroComplete 3 active ingr (Proth+Trif+Fluop),Dilution1,Rep3,EXP5_FELCC212_DelaroComplete 3 active ingr (Proth+Trif+Fluop)_Dilution1_Rep3,FR_EXP5_27,6.292,Layer1,0.877,0.683,0.883,0.877,07/10/2024-07/12/2050,
28,EXP5,Fusarium oxysporum ,FELCC212,DelaroComplete 3 active ingr (Proth+Trif+Fluop),Dilution2,Rep1,EXP5_FELCC212_DelaroComplete 3 active ingr (Proth+Trif+Fluop)_Dilution2_Rep1,FR_EXP5_28,0.6292,Layer1,0.578,0.789,1.119,0.624,07/10/2024-07/12/2051,
29,EXP5,Fusarium oxysporum ,FELCC212,DelaroComplete 3 active ingr (Proth+Trif+Fluop),Dilution2,Rep2,EXP5_FELCC212_DelaroComplete 3 active ingr (Proth+Trif+Fluop)_Dilution2_Rep2,FR_EXP5_29,0.6292,Layer1,1.069,0.98,1.484,1.246,07/10/2024-07/12/2052,
30,EXP5,Fusarium oxysporum ,FELCC212,DelaroComplete 3 active ingr (Proth+Trif+Fluop),Dilution2,Rep3,EXP5_FELCC212_DelaroComplete 3 active ingr (Proth+Trif+Fluop)_Dilution2_Rep3,FR_EXP5_30,0.6292,Layer1,0.998,1.033,0.804,0.777,07/10/2024-07/12/2053,
31,EXP5,Fusarium oxysporum ,FELCC212,DelaroComplete 3 active ingr (Proth+Trif+Fluop),Dilution3,Rep1,EXP5_FELCC212_DelaroComplete 3 active ingr (Proth+Trif+Fluop)_Dilution3_Rep1,FR_EXP5_31,0.06292,Layer1,2.25,2.685,1.827,2.839,07/10/2024-07/12/2054,
32,EXP5,Fusarium oxysporum ,FELCC212,DelaroComplete 3 active ingr (Proth+Trif+Fluop),Dilution3,Rep2,EXP5_FELCC212_DelaroComplete 3 active ingr (Proth+Trif+Fluop)_Dilution3_Rep2,FR_EXP5_32,0.06292,Layer1,2.358,2.756,2.949,2.509,07/10/2024-07/12/2055,
33,EXP5,Fusarium oxysporum ,FELCC212,DelaroComplete 3 active ingr (Proth+Trif+Fluop),Dilution3,Rep3,EXP5_FELCC212_DelaroComplete 3 active ingr (Proth+Trif+Fluop)_Dilution3_Rep3,FR_EXP5_33,0.06292,Layer1,2.333,2.474,2.743,2.3,07/10/2024-07/12/2056,
34,EXP5,Fusarium oxysporum ,FELCC212,DelaroComplete 3 active ingr (Proth+Trif+Fluop),ddH20,Rep1,EXP5_FELCC212_DelaroComplete 3 active ingr (Proth+Trif+Fluop)_ddH20_Rep1,FR_EXP5_34,0,Layer1,9.014,5.971,16.08,5.338,07/10/2024-07/12/2057,
35,EXP5,Fusarium oxysporum ,FELCC212,DelaroComplete 3 active ingr (Proth+Trif+Fluop),ddH20,Rep2,EXP5_FELCC212_DelaroComplete 3 active ingr (Proth+Trif+Fluop)_ddH20_Rep2,FR_EXP5_35,0,Layer1,16.29,16.472,16.217,15.876,07/10/2024-07/12/2058,
36,EXP5,Fusarium oxysporum ,FELCC212,DelaroComplete 3 active ingr (Proth+Trif+Fluop),ddH20,Rep3,EXP5_FELCC212_DelaroComplete 3 active ingr (Proth+Trif+Fluop)_ddH20_Rep3,FR_EXP5_36,0,Layer1,6.186,5.088,4.668,5.724,07/10/2024-07/12/2059,
37,EXP5,Fusarium solani ,FELCC214,DelaroComplete 3 active ingr (Proth+Trif+Fluop),Dilution1,Rep1,EXP5_FELCC214_DelaroComplete 3 active ingr (Proth+Trif+Fluop)_Dilution1_Rep1,FR_EXP5_37,6.292,Layer1,0,0,0,0,07/10/2024-07/12/2060,
38,EXP5,Fusarium solani ,FELCC214,DelaroComplete 3 active ingr (Proth+Trif+Fluop),Dilution1,Rep2,EXP5_FELCC214_DelaroComplete 3 active ingr (Proth+Trif+Fluop)_Dilution1_Rep2,FR_EXP5_38,6.292,Layer1,0,0,0,0,07/10/2024-07/12/2061,
39,EXP5,Fusarium solani ,FELCC214,DelaroComplete 3 active ingr (Proth+Trif+Fluop),Dilution1,Rep3,EXP5_FELCC214_DelaroComplete 3 active ingr (Proth+Trif+Fluop)_Dilution1_Rep3,FR_EXP5_39,6.292,Layer1,0,0,0,0,07/10/2024-07/12/2062,
40,EXP5,Fusarium solani ,FELCC214,DelaroComplete 3 active ingr (Proth+Trif+Fluop),Dilution2,Rep1,EXP5_FELCC214_DelaroComplete 3 active ingr (Proth+Trif+Fluop)_Dilution2_Rep1,FR_EXP5_40,0.6292,Layer1,0,0,0,0,07/10/2024-07/12/2063,
41,EXP5,Fusarium solani ,FELCC214,DelaroComplete 3 active ingr (Proth+Trif+Fluop),Dilution2,Rep2,EXP5_FELCC214_DelaroComplete 3 active ingr (Proth+Trif+Fluop)_Dilution2_Rep2,FR_EXP5_41,0.6292,Layer1,0,0,0,0,07/10/2024-07/12/2064,
42,EXP5,Fusarium solani ,FELCC214,DelaroComplete 3 active ingr (Proth+Trif+Fluop),Dilution2,Rep3,EXP5_FELCC214_DelaroComplete 3 active ingr (Proth+Trif+Fluop)_Dilution2_Rep3,FR_EXP5_42,0.6292,Layer1,0,0,0,0,07/10/2024-07/12/2065,
43,EXP5,Fusarium solani ,FELCC214,DelaroComplete 3 active ingr (Proth+Trif+Fluop),Dilution3,Rep1,EXP5_FELCC214_DelaroComplete 3 active ingr (Proth+Trif+Fluop)_Dilution3_Rep1,FR_EXP5_43,0.06292,Layer1,0,0,0,0,07/10/2024-07/12/2066,
44,EXP5,Fusarium solani ,FELCC214,DelaroComplete 3 active ingr (Proth+Trif+Fluop),Dilution3,Rep2,EXP5_FELCC214_DelaroComplete 3 active ingr (Proth+Trif+Fluop)_Dilution3_Rep2,FR_EXP5_44,0.06292,Layer1,0,0,0,0,07/10/2024-07/12/2067,
45,EXP5,Fusarium solani ,FELCC214,DelaroComplete 3 active ingr (Proth+Trif+Fluop),Dilution3,Rep3,EXP5_FELCC214_DelaroComplete 3 active ingr (Proth+Trif+Fluop)_Dilution3_Rep3,FR_EXP5_45,0.06292,Layer1,0,0,0,0,07/10/2024-07/12/2068,
46,EXP5,Fusarium solani ,FELCC214,DelaroComplete 3 active ingr (Proth+Trif+Fluop),ddH20,Rep1,EXP5_FELCC214_DelaroComplete 3 active ingr (Proth+Trif+Fluop)_ddH20_Rep1,FR_EXP5_46,0,Layer1,4.543,4.381,4.317,4.54,07/10/2024-07/12/2069,
47,EXP5,Fusarium solani ,FELCC214,DelaroComplete 3 active ingr (Proth+Trif+Fluop),ddH20,Rep2,EXP5_FELCC214_DelaroComplete 3 active ingr (Proth+Trif+Fluop)_ddH20_Rep2,FR_EXP5_47,0,Layer1,5.237,4.736,4.188,5.11,07/10/2024-07/12/2070,
48,EXP5,Fusarium solani ,FELCC214,DelaroComplete 3 active ingr (Proth+Trif+Fluop),ddH20,Rep3,EXP5_FELCC214_DelaroComplete 3 active ingr (Proth+Trif+Fluop)_ddH20_Rep3,FR_EXP5_48,0,Layer1,5.149,5.901,5.406,5.354,07/10/2024-07/12/2071,
49,EXP5,Rhizoctonia solani,FELCC 26,Topguard EQ 2 active ingr (Flut+Azoxys),Dilution1,Rep1,EXP5_FELCC 26_Topguard EQ 2 active ingr (Flut+Azoxys)_Dilution1_Rep1,FR_EXP5_49,4.9128,Layer1,1.925,2.049,2.085,1.961,07/10/2024-07/12/2072,
50,EXP5,Rhizoctonia solani,FELCC 26,Topguard EQ 2 active ingr (Flut+Azoxys),Dilution1,Rep2,EXP5_FELCC 26_Topguard EQ 2 active ingr (Flut+Azoxys)_Dilution1_Rep2,FR_EXP5_50,4.9128,Layer1,1.107,2.803,1.201,0.977,07/10/2024-07/12/2073,
51,EXP5,Rhizoctonia solani,FELCC 26,Topguard EQ 2 active ingr (Flut+Azoxys),Dilution1,Rep3,EXP5_FELCC 26_Topguard EQ 2 active ingr (Flut+Azoxys)_Dilution1_Rep3,FR_EXP5_51,4.9128,Layer1,1.139,1.21,1.033,1.29,07/10/2024-07/12/2074,
52,EXP5,Rhizoctonia solani,FELCC 26,Topguard EQ 2 active ingr (Flut+Azoxys),Dilution2,Rep1,EXP5_FELCC 26_Topguard EQ 2 active ingr (Flut+Azoxys)_Dilution2_Rep1,FR_EXP5_52,0.49128,Layer1,1.61,0.796,1.061,1.096,07/10/2024-07/12/2075,
53,EXP5,Rhizoctonia solani,FELCC 26,Topguard EQ 2 active ingr (Flut+Azoxys),Dilution2,Rep2,EXP5_FELCC 26_Topguard EQ 2 active ingr (Flut+Azoxys)_Dilution2_Rep2,FR_EXP5_53,0.49128,Layer1,1.484,1.484,1.573,1.361,07/10/2024-07/12/2076,
54,EXP5,Rhizoctonia solani,FELCC 26,Topguard EQ 2 active ingr (Flut+Azoxys),Dilution2,Rep3,EXP5_FELCC 26_Topguard EQ 2 active ingr (Flut+Azoxys)_Dilution2_Rep3,FR_EXP5_54,0.49128,Layer1,0,0,0,0,07/10/2024-07/12/2077,
55,EXP5,Rhizoctonia solani,FELCC 26,Topguard EQ 2 active ingr (Flut+Azoxys),Dilution3,Rep1,EXP5_FELCC 26_Topguard EQ 2 active ingr (Flut+Azoxys)_Dilution3_Rep1,FR_EXP5_55,0.049128,Layer1,1.237,1.272,0.53,0.989,07/10/2024-07/12/2078,
56,EXP5,Rhizoctonia solani,FELCC 26,Topguard EQ 2 active ingr (Flut+Azoxys),Dilution3,Rep2,EXP5_FELCC 26_Topguard EQ 2 active ingr (Flut+Azoxys)_Dilution3_Rep2,FR_EXP5_56,0.049128,Layer1,1.378,1.06,0.777,1.749,07/10/2024-07/12/2079,
57,EXP5,Rhizoctonia solani,FELCC 26,Topguard EQ 2 active ingr (Flut+Azoxys),Dilution3,Rep3,EXP5_FELCC 26_Topguard EQ 2 active ingr (Flut+Azoxys)_Dilution3_Rep3,FR_EXP5_57,0.049128,Layer1,0.884,1.625,2.049,0.743,07/10/2024-07/12/2080,
58,EXP5,Rhizoctonia solani,FELCC 26,Topguard EQ 2 active ingr (Flut+Azoxys),ddH20,Rep1,EXP5_FELCC 26_Topguard EQ 2 active ingr (Flut+Azoxys)_ddH20_Rep1,FR_EXP5_58,0,Layer1,16.077,15.864,15.653,16.006,07/10/2024-07/12/2081,
59,EXP5,Rhizoctonia solani,FELCC 26,Topguard EQ 2 active ingr (Flut+Azoxys),ddH20,Rep2,EXP5_FELCC 26_Topguard EQ 2 active ingr (Flut+Azoxys)_ddH20_Rep2,FR_EXP5_59,0,Layer1,19.432,16.713,19.151,18.479,07/10/2024-07/12/2082,
60,EXP5,Rhizoctonia solani,FELCC 26,Topguard EQ 2 active ingr (Flut+Azoxys),ddH20,Rep3,EXP5_FELCC 26_Topguard EQ 2 active ingr (Flut+Azoxys)_ddH20_Rep3,FR_EXP5_60,0,Layer1,18.549,17.666,17.566,17.348,07/10/2024-07/12/2083,
61,EXP5,Diaporthe longicolla,FELCC193,Topguard EQ 2 active ingr (Flut+Azoxys),Dilution1,Rep1,EXP5_FELCC193_Topguard EQ 2 active ingr (Flut+Azoxys)_Dilution1_Rep1,FR_EXP5_61,4.9128,Layer1,0,0,0,0,07/10/2024-07/12/2084,
62,EXP5,Diaporthe longicolla,FELCC193,Topguard EQ 2 active ingr (Flut+Azoxys),Dilution1,Rep2,EXP5_FELCC193_Topguard EQ 2 active ingr (Flut+Azoxys)_Dilution1_Rep2,FR_EXP5_62,4.9128,Layer1,0,0,0,0,07/10/2024-07/12/2085,
63,EXP5,Diaporthe longicolla,FELCC193,Topguard EQ 2 active ingr (Flut+Azoxys),Dilution1,Rep3,EXP5_FELCC193_Topguard EQ 2 active ingr (Flut+Azoxys)_Dilution1_Rep3,FR_EXP5_63,4.9128,Layer1,0,0,0,0,07/10/2024-07/12/2086,
64,EXP5,Diaporthe longicolla,FELCC193,Topguard EQ 2 active ingr (Flut+Azoxys),Dilution2,Rep1,EXP5_FELCC193_Topguard EQ 2 active ingr (Flut+Azoxys)_Dilution2_Rep1,FR_EXP5_64,0.49128,Layer1,0,0,0,0,07/10/2024-07/12/2087,
65,EXP5,Diaporthe longicolla,FELCC193,Topguard EQ 2 active ingr (Flut+Azoxys),Dilution2,Rep2,EXP5_FELCC193_Topguard EQ 2 active ingr (Flut+Azoxys)_Dilution2_Rep2,FR_EXP5_65,0.49128,Layer1,0,0,0,0,07/10/2024-07/12/2088,
66,EXP5,Diaporthe longicolla,FELCC193,Topguard EQ 2 active ingr (Flut+Azoxys),Dilution2,Rep3,EXP5_FELCC193_Topguard EQ 2 active ingr (Flut+Azoxys)_Dilution2_Rep3,FR_EXP5_66,0.49128,Layer1,0,0,0,0,07/10/2024-07/12/2089,
67,EXP5,Diaporthe longicolla,FELCC193,Topguard EQ 2 active ingr (Flut+Azoxys),Dilution3,Rep1,EXP5_FELCC193_Topguard EQ 2 active ingr (Flut+Azoxys)_Dilution3_Rep1,FR_EXP5_67,0.049128,Layer1,1.926,4.045,,,07/10/2024-07/12/2090,
68,EXP5,Diaporthe longicolla,FELCC193,Topguard EQ 2 active ingr (Flut+Azoxys),Dilution3,Rep2,EXP5_FELCC193_Topguard EQ 2 active ingr (Flut+Azoxys)_Dilution3_Rep2,FR_EXP5_68,0.049128,Layer1,0,0,0,0,07/10/2024-07/12/2091,
69,EXP5,Diaporthe longicolla,FELCC193,Topguard EQ 2 active ingr (Flut+Azoxys),Dilution3,Rep3,EXP5_FELCC193_Topguard EQ 2 active ingr (Flut+Azoxys)_Dilution3_Rep3,FR_EXP5_69,0.049128,Layer1,0,0,0,0,07/10/2024-07/12/2092,
70,EXP5,Diaporthe longicolla,FELCC193,Topguard EQ 2 active ingr (Flut+Azoxys),ddH20,Rep1,EXP5_FELCC193_Topguard EQ 2 active ingr (Flut+Azoxys)_ddH20_Rep1,FR_EXP5_70,0,Layer1,4.171,4.204,3.185,1.908,07/10/2024-07/12/2093,
71,EXP5,Diaporthe longicolla,FELCC193,Topguard EQ 2 active ingr (Flut+Azoxys),ddH20,Rep2,EXP5_FELCC193_Topguard EQ 2 active ingr (Flut+Azoxys)_ddH20_Rep2,FR_EXP5_71,0,Layer1,4.947,3.818,4.381,2.262,07/10/2024-07/12/2094,
72,EXP5,Diaporthe longicolla,FELCC193,Topguard EQ 2 active ingr (Flut+Azoxys),ddH20,Rep3,EXP5_FELCC193_Topguard EQ 2 active ingr (Flut+Azoxys)_ddH20_Rep3,FR_EXP5_72,0,Layer1,2.756,1.413,3.392,4.593,07/10/2024-07/12/2095,
73,EXP5,Fusarium oxysporum ,FELCC212,Topguard EQ 2 active ingr (Flut+Azoxys),Dilution1,Rep1,EXP5_FELCC212_Topguard EQ 2 active ingr (Flut+Azoxys)_Dilution1_Rep1,FR_EXP5_73,4.9128,Layer1,4.099,4.983,4.134,4.416,07/10/2024-07/12/2096,
74,EXP5,Fusarium oxysporum ,FELCC212,Topguard EQ 2 active ingr (Flut+Azoxys),Dilution1,Rep2,EXP5_FELCC212_Topguard EQ 2 active ingr (Flut+Azoxys)_Dilution1_Rep2,FR_EXP5_74,4.9128,Layer1,3.996,4.207,4.718,4.472,07/10/2024-07/12/2097,
75,EXP5,Fusarium oxysporum ,FELCC212,Topguard EQ 2 active ingr (Flut+Azoxys),Dilution1,Rep3,EXP5_FELCC212_Topguard EQ 2 active ingr (Flut+Azoxys)_Dilution1_Rep3,FR_EXP5_75,4.9128,Layer1,4.207,4.79,5.105,3.961,07/10/2024-07/12/2098,
76,EXP5,Fusarium oxysporum ,FELCC212,Topguard EQ 2 active ingr (Flut+Azoxys),Dilution2,Rep1,EXP5_FELCC212_Topguard EQ 2 active ingr (Flut+Azoxys)_Dilution2_Rep1,FR_EXP5_76,0.49128,Layer1,3.697,4.086,4.401,3.979,07/10/2024-07/12/2099,
77,EXP5,Fusarium oxysporum ,FELCC212,Topguard EQ 2 active ingr (Flut+Azoxys),Dilution2,Rep2,EXP5_FELCC212_Topguard EQ 2 active ingr (Flut+Azoxys)_Dilution2_Rep2,FR_EXP5_77,0.49128,Layer1,5,5.598,5.915,4.19,07/10/2024-07/12/2100,
78,EXP5,Fusarium oxysporum ,FELCC212,Topguard EQ 2 active ingr (Flut+Azoxys),Dilution2,Rep3,EXP5_FELCC212_Topguard EQ 2 active ingr (Flut+Azoxys)_Dilution2_Rep3,FR_EXP5_78,0.49128,Layer1,6.197,5.986,6.866,6.972,07/10/2024-07/12/2101,
79,EXP5,Fusarium oxysporum ,FELCC212,Topguard EQ 2 active ingr (Flut+Azoxys),Dilution3,Rep1,EXP5_FELCC212_Topguard EQ 2 active ingr (Flut+Azoxys)_Dilution3_Rep1,FR_EXP5_79,0.049128,Layer1,11.2,9.084,11.267,9.436,07/10/2024-07/12/2102,
80,EXP5,Fusarium oxysporum ,FELCC212,Topguard EQ 2 active ingr (Flut+Azoxys),Dilution3,Rep2,EXP5_FELCC212_Topguard EQ 2 active ingr (Flut+Azoxys)_Dilution3_Rep2,FR_EXP5_80,0.049128,Layer1,11.127,11.271,12.045,10.849,07/10/2024-07/12/2103,
81,EXP5,Fusarium oxysporum ,FELCC212,Topguard EQ 2 active ingr (Flut+Azoxys),Dilution3,Rep3,EXP5_FELCC212_Topguard EQ 2 active ingr (Flut+Azoxys)_Dilution3_Rep3,FR_EXP5_81,0.049128,Layer1,7.043,6.515,12.077,11.027,07/10/2024-07/12/2104,
82,EXP5,Fusarium oxysporum ,FELCC212,Topguard EQ 2 active ingr (Flut+Azoxys),ddH20,Rep1,EXP5_FELCC212_Topguard EQ 2 active ingr (Flut+Azoxys)_ddH20_Rep1,FR_EXP5_82,0,Layer1,17.428,16.161,16.232,15.144,07/10/2024-07/12/2105,
83,EXP5,Fusarium oxysporum ,FELCC212,Topguard EQ 2 active ingr (Flut+Azoxys),ddH20,Rep2,EXP5_FELCC212_Topguard EQ 2 active ingr (Flut+Azoxys)_ddH20_Rep2,FR_EXP5_83,0,Layer1,17.041,18.173,16.833,17.861,07/10/2024-07/12/2106,
84,EXP5,Fusarium oxysporum ,FELCC212,Topguard EQ 2 active ingr (Flut+Azoxys),ddH20,Rep3,EXP5_FELCC212_Topguard EQ 2 active ingr (Flut+Azoxys)_ddH20_Rep3,FR_EXP5_84,0,Layer1,17.184,17.012,17.612,14.164,07/10/2024-07/12/2107,
85,EXP5,Fusarium solani ,FELCC214,Topguard EQ 2 active ingr (Flut+Azoxys),Dilution1,Rep1,EXP5_FELCC214_Topguard EQ 2 active ingr (Flut+Azoxys)_Dilution1_Rep1,FR_EXP5_85,4.9128,Layer1,1.232,1.514,1.55,1.373,07/10/2024-07/12/2108,
86,EXP5,Fusarium solani ,FELCC214,Topguard EQ 2 active ingr (Flut+Azoxys),Dilution1,Rep2,EXP5_FELCC214_Topguard EQ 2 active ingr (Flut+Azoxys)_Dilution1_Rep2,FR_EXP5_86,4.9128,Layer1,1.058,0.74,0.845,0.775,07/10/2024-07/12/2109,
87,EXP5,Fusarium solani ,FELCC214,Topguard EQ 2 active ingr (Flut+Azoxys),Dilution1,Rep3,EXP5_FELCC214_Topguard EQ 2 active ingr (Flut+Azoxys)_Dilution1_Rep3,FR_EXP5_87,4.9128,Layer1,0.511,0.669,0.898,0.617,07/10/2024-07/12/2110,
88,EXP5,Fusarium solani ,FELCC214,Topguard EQ 2 active ingr (Flut+Azoxys),Dilution2,Rep1,EXP5_FELCC214_Topguard EQ 2 active ingr (Flut+Azoxys)_Dilution2_Rep1,FR_EXP5_88,0.49128,Layer1,1.902,1.832,1.55,1.375,07/10/2024-07/12/2111,
89,EXP5,Fusarium solani ,FELCC214,Topguard EQ 2 active ingr (Flut+Azoxys),Dilution2,Rep2,EXP5_FELCC214_Topguard EQ 2 active ingr (Flut+Azoxys)_Dilution2_Rep2,FR_EXP5_89,0.49128,Layer1,1.691,1.426,1.074,1.461,07/10/2024-07/12/2112,
90,EXP5,Fusarium solani ,FELCC214,Topguard EQ 2 active ingr (Flut+Azoxys),Dilution2,Rep3,EXP5_FELCC214_Topguard EQ 2 active ingr (Flut+Azoxys)_Dilution2_Rep3,FR_EXP5_90,0.49128,Layer1,4.701,1.673,1.303,1.989,07/10/2024-07/12/2113,
91,EXP5,Fusarium solani ,FELCC214,Topguard EQ 2 active ingr (Flut+Azoxys),Dilution3,Rep1,EXP5_FELCC214_Topguard EQ 2 active ingr (Flut+Azoxys)_Dilution3_Rep1,FR_EXP5_91,0.049128,Layer1,4.015,3.416,4.015,2.993,07/10/2024-07/12/2114,
92,EXP5,Fusarium solani ,FELCC214,Topguard EQ 2 active ingr (Flut+Azoxys),Dilution3,Rep2,EXP5_FELCC214_Topguard EQ 2 active ingr (Flut+Azoxys)_Dilution3_Rep2,FR_EXP5_92,0.049128,Layer1,3.206,3.522,3.38,4.402,07/10/2024-07/12/2115,
93,EXP5,Fusarium solani ,FELCC214,Topguard EQ 2 active ingr (Flut+Azoxys),Dilution3,Rep3,EXP5_FELCC214_Topguard EQ 2 active ingr (Flut+Azoxys)_Dilution3_Rep3,FR_EXP5_93,0.049128,Layer1,3.789,2.555,2.923,3.171,07/10/2024-07/12/2116,
94,EXP5,Fusarium solani ,FELCC214,Topguard EQ 2 active ingr (Flut+Azoxys),ddH20,Rep1,EXP5_FELCC214_Topguard EQ 2 active ingr (Flut+Azoxys)_ddH20_Rep1,FR_EXP5_94,0,Layer1,4.824,3.982,4.649,5.248,07/10/2024-07/12/2117,
95,EXP5,Fusarium solani ,FELCC214,Topguard EQ 2 active ingr (Flut+Azoxys),ddH20,Rep2,EXP5_FELCC214_Topguard EQ 2 active ingr (Flut+Azoxys)_ddH20_Rep2,FR_EXP5_95,0,Layer1,4.718,4.93,4.965,4.859,07/10/2024-07/12/2118,
96,EXP5,Fusarium solani ,FELCC214,Topguard EQ 2 active ingr (Flut+Azoxys),ddH20,Rep3,EXP5_FELCC214_Topguard EQ 2 active ingr (Flut+Azoxys)_ddH20_Rep3,FR_EXP5_96,0,Layer1,5,5.669,5.634,4.472,07/10/2024-07/12/2119,
97,EXP5,Rhizoctonia solani,FELCC 26,Endura 1 active ingr (Boscalid),Dilution1,Rep1,EXP5_FELCC 26_Endura 1 active ingr (Boscalid)_Dilution1_Rep1,FR_EXP5_97,4.011,Layer1,4.62,5.003,4.709,3.703,07/10/2024-07/12/2120,
98,EXP5,Rhizoctonia solani,FELCC 26,Endura 1 active ingr (Boscalid),Dilution1,Rep2,EXP5_FELCC 26_Endura 1 active ingr (Boscalid)_Dilution1_Rep2,FR_EXP5_98,4.011,Layer1,2.183,3.31,2.782,2.535,07/10/2024-07/12/2121,
99,EXP5,Rhizoctonia solani,FELCC 26,Endura 1 active ingr (Boscalid),Dilution1,Rep3,EXP5_FELCC 26_Endura 1 active ingr (Boscalid)_Dilution1_Rep3,FR_EXP5_99,4.011,Layer1,3.157,2.828,2.219,3.274,07/10/2024-07/12/2122,
100,EXP5,Rhizoctonia solani,FELCC 26,Endura 1 active ingr (Boscalid),Dilution2,Rep1,EXP5_FELCC 26_Endura 1 active ingr (Boscalid)_Dilution2_Rep1,FR_EXP5_100,0.4011,Layer1,5.792,4.12,2.008,3.75,07/10/2024-07/12/2123,
101,EXP5,Rhizoctonia solani,FELCC 26,Endura 1 active ingr (Boscalid),Dilution2,Rep2,EXP5_FELCC 26_Endura 1 active ingr (Boscalid)_Dilution2_Rep2,FR_EXP5_101,0.4011,Layer1,6.238,6.411,4.977,4.227,07/10/2024-07/12/2124,
102,EXP5,Rhizoctonia solani,FELCC 26,Endura 1 active ingr (Boscalid),Dilution2,Rep3,EXP5_FELCC 26_Endura 1 active ingr (Boscalid)_Dilution2_Rep3,FR_EXP5_102,0.4011,Layer1,4.049,5.035,5.422,4.436,07/10/2024-07/12/2125,
103,EXP5,Rhizoctonia solani,FELCC 26,Endura 1 active ingr (Boscalid),Dilution3,Rep1,EXP5_FELCC 26_Endura 1 active ingr (Boscalid)_Dilution3_Rep1,FR_EXP5_103,0.04011,Layer1,4.788,5.669,5.704,6.549,07/10/2024-07/12/2126,
104,EXP5,Rhizoctonia solani,FELCC 26,Endura 1 active ingr (Boscalid),Dilution3,Rep2,EXP5_FELCC 26_Endura 1 active ingr (Boscalid)_Dilution3_Rep2,FR_EXP5_104,0.04011,Layer1,6.885,6.936,6.796,7.183,07/10/2024-07/12/2127,
105,EXP5,Rhizoctonia solani,FELCC 26,Endura 1 active ingr (Boscalid),Dilution3,Rep3,EXP5_FELCC 26_Endura 1 active ingr (Boscalid)_Dilution3_Rep3,FR_EXP5_105,0.04011,Layer1,6.198,9.12,7.255,6.095,07/10/2024-07/12/2128,
106,EXP5,Rhizoctonia solani,FELCC 26,Endura 1 active ingr (Boscalid),ddH20,Rep1,EXP5_FELCC 26_Endura 1 active ingr (Boscalid)_ddH20_Rep1,FR_EXP5_106,0,Layer1,7.257,7.535,7.148,12.112,07/10/2024-07/12/2129,
107,EXP5,Rhizoctonia solani,FELCC 26,Endura 1 active ingr (Boscalid),ddH20,Rep2,EXP5_FELCC 26_Endura 1 active ingr (Boscalid)_ddH20_Rep2,FR_EXP5_107,0,Layer1,8.908,8.665,8.064,7.115,07/10/2024-07/12/2130,
108,EXP5,Rhizoctonia solani,FELCC 26,Endura 1 active ingr (Boscalid),ddH20,Rep3,EXP5_FELCC 26_Endura 1 active ingr (Boscalid)_ddH20_Rep3,FR_EXP5_108,0,Layer1,8.064,8.416,12.079,14.931,07/10/2024-07/12/2131,
109,EXP5,Diaporthe longicolla,FELCC193,Endura 1 active ingr (Boscalid),Dilution1,Rep1,EXP5_FELCC193_Endura 1 active ingr (Boscalid)_Dilution1_Rep1,FR_EXP5_109,4.011,Layer1,3.03,2.325,4.016,2.29,07/10/2024-07/12/2132,
110,EXP5,Diaporthe longicolla,FELCC193,Endura 1 active ingr (Boscalid),Dilution1,Rep2,EXP5_FELCC193_Endura 1 active ingr (Boscalid)_Dilution1_Rep2,FR_EXP5_110,4.011,Layer1,2.994,3.31,2.363,2.079,07/10/2024-07/12/2133,
111,EXP5,Diaporthe longicolla,FELCC193,Endura 1 active ingr (Boscalid),Dilution1,Rep3,EXP5_FELCC193_Endura 1 active ingr (Boscalid)_Dilution1_Rep3,FR_EXP5_111,4.011,Layer1,2.042,2.923,2.535,2.218,07/10/2024-07/12/2134,
112,EXP5,Diaporthe longicolla,FELCC193,Endura 1 active ingr (Boscalid),Dilution2,Rep1,EXP5_FELCC193_Endura 1 active ingr (Boscalid)_Dilution2_Rep1,FR_EXP5_112,0.4011,Layer1,3.674,3.063,2.336,2.489,07/10/2024-07/12/2135,
113,EXP5,Diaporthe longicolla,FELCC193,Endura 1 active ingr (Boscalid),Dilution2,Rep2,EXP5_FELCC193_Endura 1 active ingr (Boscalid)_Dilution2_Rep2,FR_EXP5_113,0.4011,Layer1,3.487,2.782,2.289,3.03,07/10/2024-07/12/2136,
114,EXP5,Diaporthe longicolla,FELCC193,Endura 1 active ingr (Boscalid),Dilution2,Rep3,EXP5_FELCC193_Endura 1 active ingr (Boscalid)_Dilution2_Rep3,FR_EXP5_114,0.4011,Layer1,3.31,3.31,3.31,3.31,07/10/2024-07/12/2137,
115,EXP5,Diaporthe longicolla,FELCC193,Endura 1 active ingr (Boscalid),Dilution3,Rep1,EXP5_FELCC193_Endura 1 active ingr (Boscalid)_Dilution3_Rep1,FR_EXP5_115,0.04011,Layer1,3.788,2.94,1.639,1.462,07/10/2024-07/12/2138,
116,EXP5,Diaporthe longicolla,FELCC193,Endura 1 active ingr (Boscalid),Dilution3,Rep2,EXP5_FELCC193_Endura 1 active ingr (Boscalid)_Dilution3_Rep2,FR_EXP5_116,0.04011,Layer1,1.989,2.148,1.743,2.57,07/10/2024-07/12/2139,
117,EXP5,Diaporthe longicolla,FELCC193,Endura 1 active ingr (Boscalid),Dilution3,Rep3,EXP5_FELCC193_Endura 1 active ingr (Boscalid)_Dilution3_Rep3,FR_EXP5_117,0.04011,Layer1,3.276,4.155,4.753,3.557,07/10/2024-07/12/2140,
118,EXP5,Diaporthe longicolla,FELCC193,Endura 1 active ingr (Boscalid),ddH20,Rep1,EXP5_FELCC193_Endura 1 active ingr (Boscalid)_ddH20_Rep1,FR_EXP5_118,0,Layer1,7.782,8.034,5.281,5.176,07/10/2024-07/12/2141,
119,EXP5,Diaporthe longicolla,FELCC193,Endura 1 active ingr (Boscalid),ddH20,Rep2,EXP5_FELCC193_Endura 1 active ingr (Boscalid)_ddH20_Rep2,FR_EXP5_119,0,Layer1,3.945,4.155,3.664,3.239,07/10/2024-07/12/2142,
120,EXP5,Diaporthe longicolla,FELCC193,Endura 1 active ingr (Boscalid),ddH20,Rep3,EXP5_FELCC193_Endura 1 active ingr (Boscalid)_ddH20_Rep3,FR_EXP5_120,0,Layer1,5.246,4.225,4.436,4.894,07/10/2024-07/12/2143,
121,EXP5,Fusarium oxysporum ,FELCC212,Endura 1 active ingr (Boscalid),Dilution1,Rep1,EXP5_FELCC212_Endura 1 active ingr (Boscalid)_Dilution1_Rep1,FR_EXP5_121,4.011,Layer1,3.38,2.641,1.972,3.31,07/10/2024-07/12/2144,
122,EXP5,Fusarium oxysporum ,FELCC212,Endura 1 active ingr (Boscalid),Dilution1,Rep2,EXP5_FELCC212_Endura 1 active ingr (Boscalid)_Dilution1_Rep2,FR_EXP5_122,4.011,Layer1,2.711,2.077,2.642,1.444,07/10/2024-07/12/2145,
123,EXP5,Fusarium oxysporum ,FELCC212,Endura 1 active ingr (Boscalid),Dilution1,Rep3,EXP5_FELCC212_Endura 1 active ingr (Boscalid)_Dilution1_Rep3,FR_EXP5_123,4.011,Layer1,1.514,1.514,1.342,1.727,07/10/2024-07/12/2146,
124,EXP5,Fusarium oxysporum ,FELCC212,Endura 1 active ingr (Boscalid),Dilution2,Rep1,EXP5_FELCC212_Endura 1 active ingr (Boscalid)_Dilution2_Rep1,FR_EXP5_124,0.4011,Layer1,6.451,5.598,6.462,6.411,07/10/2024-07/12/2147,
125,EXP5,Fusarium oxysporum ,FELCC212,Endura 1 active ingr (Boscalid),Dilution2,Rep2,EXP5_FELCC212_Endura 1 active ingr (Boscalid)_Dilution2_Rep2,FR_EXP5_125,0.4011,Layer1,5.954,5.211,6.765,6.127,07/10/2024-07/12/2148,
126,EXP5,Fusarium oxysporum ,FELCC212,Endura 1 active ingr (Boscalid),Dilution2,Rep3,EXP5_FELCC212_Endura 1 active ingr (Boscalid)_Dilution2_Rep3,FR_EXP5_126,0.4011,Layer1,6.302,6.378,7.042,6.662,07/10/2024-07/12/2149,
127,EXP5,Fusarium oxysporum ,FELCC212,Endura 1 active ingr (Boscalid),Dilution3,Rep1,EXP5_FELCC212_Endura 1 active ingr (Boscalid)_Dilution3_Rep1,FR_EXP5_127,0.04011,Layer1,9.788,9.718,9.154,9.438,07/10/2024-07/12/2150,
128,EXP5,Fusarium oxysporum ,FELCC212,Endura 1 active ingr (Boscalid),Dilution3,Rep2,EXP5_FELCC212_Endura 1 active ingr (Boscalid)_Dilution3_Rep2,FR_EXP5_128,0.04011,Layer1,9.267,9.401,8.915,9.436,07/10/2024-07/12/2151,
129,EXP5,Fusarium oxysporum ,FELCC212,Endura 1 active ingr (Boscalid),Dilution3,Rep3,EXP5_FELCC212_Endura 1 active ingr (Boscalid)_Dilution3_Rep3,FR_EXP5_129,0.04011,Layer1,8.592,7.711,6.338,7.185,07/10/2024-07/12/2152,
130,EXP5,Fusarium oxysporum ,FELCC212,Endura 1 active ingr (Boscalid),ddH20,Rep1,EXP5_FELCC212_Endura 1 active ingr (Boscalid)_ddH20_Rep1,FR_EXP5_130,0,Layer1,14.436,15.034,14.295,14.225,07/10/2024-07/12/2153,
131,EXP5,Fusarium oxysporum ,FELCC212,Endura 1 active ingr (Boscalid),ddH20,Rep2,EXP5_FELCC212_Endura 1 active ingr (Boscalid)_ddH20_Rep2,FR_EXP5_131,0,Layer1,12.605,15.034,13.943,14.691,07/10/2024-07/12/2154,
132,EXP5,Fusarium oxysporum ,FELCC212,Endura 1 active ingr (Boscalid),ddH20,Rep3,EXP5_FELCC212_Endura 1 active ingr (Boscalid)_ddH20_Rep3,FR_EXP5_132,0,Layer1,14.823,15.386,15.035,13.873,07/10/2024-07/12/2155,
133,EXP5,Fusarium solani ,FELCC214,Endura 1 active ingr (Boscalid),Dilution1,Rep1,EXP5_FELCC214_Endura 1 active ingr (Boscalid)_Dilution1_Rep1,FR_EXP5_133,4.011,Layer1,1.479,2.06,2.113,2.113,07/10/2024-07/12/2156,
134,EXP5,Fusarium solani ,FELCC214,Endura 1 active ingr (Boscalid),Dilution1,Rep2,EXP5_FELCC214_Endura 1 active ingr (Boscalid)_Dilution1_Rep2,FR_EXP5_134,4.011,Layer1,1.942,1.797,2.012,1.903,07/10/2024-07/12/2157,
135,EXP5,Fusarium solani ,FELCC214,Endura 1 active ingr (Boscalid),Dilution1,Rep3,EXP5_FELCC214_Endura 1 active ingr (Boscalid)_Dilution1_Rep3,FR_EXP5_135,4.011,Layer1,1.673,2.429,1.408,1.919,07/10/2024-07/12/2158,
136,EXP5,Fusarium solani ,FELCC214,Endura 1 active ingr (Boscalid),Dilution2,Rep1,EXP5_FELCC214_Endura 1 active ingr (Boscalid)_Dilution2_Rep1,FR_EXP5_136,0.4011,Layer1,3.594,4.12,4.19,3.838,07/10/2024-07/12/2159,
137,EXP5,Fusarium solani ,FELCC214,Endura 1 active ingr (Boscalid),Dilution2,Rep2,EXP5_FELCC214_Endura 1 active ingr (Boscalid)_Dilution2_Rep2,FR_EXP5_137,0.4011,Layer1,3.61,3.345,3.381,3.276,07/10/2024-07/12/2160,
138,EXP5,Fusarium solani ,FELCC214,Endura 1 active ingr (Boscalid),Dilution2,Rep3,EXP5_FELCC214_Endura 1 active ingr (Boscalid)_Dilution2_Rep3,FR_EXP5_138,0.4011,Layer1,3.743,3.734,4.032,3.629,07/10/2024-07/12/2161,
139,EXP5,Fusarium solani ,FELCC214,Endura 1 active ingr (Boscalid),Dilution3,Rep1,EXP5_FELCC214_Endura 1 active ingr (Boscalid)_Dilution3_Rep1,FR_EXP5_139,0.04011,Layer1,4.824,4.79,4.401,4.721,07/10/2024-07/12/2162,
140,EXP5,Fusarium solani ,FELCC214,Endura 1 active ingr (Boscalid),Dilution3,Rep2,EXP5_FELCC214_Endura 1 active ingr (Boscalid)_Dilution3_Rep2,FR_EXP5_140,0.04011,Layer1,5.11,4.65,5.111,5.004,07/10/2024-07/12/2163,
141,EXP5,Fusarium solani ,FELCC214,Endura 1 active ingr (Boscalid),Dilution3,Rep3,EXP5_FELCC214_Endura 1 active ingr (Boscalid)_Dilution3_Rep3,FR_EXP5_141,0.04011,Layer1,4.935,4.475,4.299,3.558,07/10/2024-07/12/2164,
142,EXP5,Fusarium solani ,FELCC214,Endura 1 active ingr (Boscalid),ddH20,Rep1,EXP5_FELCC214_Endura 1 active ingr (Boscalid)_ddH20_Rep1,FR_EXP5_142,0,Layer1,5.23,5.74,4.965,4.316,07/10/2024-07/12/2165,
143,EXP5,Fusarium solani ,FELCC214,Endura 1 active ingr (Boscalid),ddH20,Rep2,EXP5_FELCC214_Endura 1 active ingr (Boscalid)_ddH20_Rep2,FR_EXP5_143,0,Layer1,5.176,4.876,5.158,4.982,07/10/2024-07/12/2166,
144,EXP5,Fusarium solani ,FELCC214,Endura 1 active ingr (Boscalid),ddH20,Rep3,EXP5_FELCC214_Endura 1 active ingr (Boscalid)_ddH20_Rep3,FR_EXP5_144,0,Layer1,4.656,4.05,4.518,4.226,07/10/2024-07/12/2167,
145,EXP5,Rhizoctonia solani,FELCC 26,Topguard 1 active ingr (Flutriafol),Dilution1,Rep1,EXP5_FELCC 26_Topguard 1 active ingr (Flutriafol)_Dilution1_Rep1,FR_EXP5_145,5.7975,Layer1,0.858,1.445,1.388,1.68,07/10/2024-07/12/2168,
146,EXP5,Rhizoctonia solani,FELCC 26,Topguard 1 active ingr (Flutriafol),Dilution1,Rep2,EXP5_FELCC 26_Topguard 1 active ingr (Flutriafol)_Dilution1_Rep2,FR_EXP5_146,5.7975,Layer1,0.986,0.951,0.881,0.81,07/10/2024-07/12/2169,
147,EXP5,Rhizoctonia solani,FELCC 26,Topguard 1 active ingr (Flutriafol),Dilution1,Rep3,EXP5_FELCC 26_Topguard 1 active ingr (Flutriafol)_Dilution1_Rep3,FR_EXP5_147,5.7975,Layer1,1.426,1.18,1.056,1.216,07/10/2024-07/12/2170,
148,EXP5,Rhizoctonia solani,FELCC 26,Topguard 1 active ingr (Flutriafol),Dilution2,Rep1,EXP5_FELCC 26_Topguard 1 active ingr (Flutriafol)_Dilution2_Rep1,FR_EXP5_148,0.57975,Layer1,1.568,1.621,1.622,1.234,07/10/2024-07/12/2171,
149,EXP5,Rhizoctonia solani,FELCC 26,Topguard 1 active ingr (Flutriafol),Dilution2,Rep2,EXP5_FELCC 26_Topguard 1 active ingr (Flutriafol)_Dilution2_Rep2,FR_EXP5_149,0.57975,Layer1,1.585,1.456,1.808,1.631,07/10/2024-07/12/2172,
150,EXP5,Rhizoctonia solani,FELCC 26,Topguard 1 active ingr (Flutriafol),Dilution2,Rep3,EXP5_FELCC 26_Topguard 1 active ingr (Flutriafol)_Dilution2_Rep3,FR_EXP5_150,0.57975,Layer1,,,,,07/10/2024-07/12/2173,
151,EXP5,Rhizoctonia solani,FELCC 26,Topguard 1 active ingr (Flutriafol),Dilution3,Rep1,EXP5_FELCC 26_Topguard 1 active ingr (Flutriafol)_Dilution3_Rep1,FR_EXP5_151,0.057975,Layer1,4.348,2.905,2.712,1.989,07/10/2024-07/12/2174,
152,EXP5,Rhizoctonia solani,FELCC 26,Topguard 1 active ingr (Flutriafol),Dilution3,Rep2,EXP5_FELCC 26_Topguard 1 active ingr (Flutriafol)_Dilution3_Rep2,FR_EXP5_152,0.057975,Layer1,3.152,3.117,2.201,2.94,07/10/2024-07/12/2175,
153,EXP5,Rhizoctonia solani,FELCC 26,Topguard 1 active ingr (Flutriafol),Dilution3,Rep3,EXP5_FELCC 26_Topguard 1 active ingr (Flutriafol)_Dilution3_Rep3,FR_EXP5_153,0.057975,Layer1,3.91,5.316,4.72,5.457,07/10/2024-07/12/2176,
154,EXP5,Rhizoctonia solani,FELCC 26,Topguard 1 active ingr (Flutriafol),ddH20,Rep1,EXP5_FELCC 26_Topguard 1 active ingr (Flutriafol)_ddH20_Rep1,FR_EXP5_154,0,Layer1,13.908,18.555,14.973,14.823,07/10/2024-07/12/2177,
155,EXP5,Rhizoctonia solani,FELCC 26,Topguard 1 active ingr (Flutriafol),ddH20,Rep2,EXP5_FELCC 26_Topguard 1 active ingr (Flutriafol)_ddH20_Rep2,FR_EXP5_155,0,Layer1,19.4,21.09,18.767,18.731,07/10/2024-07/12/2178,
156,EXP5,Rhizoctonia solani,FELCC 26,Topguard 1 active ingr (Flutriafol),ddH20,Rep3,EXP5_FELCC 26_Topguard 1 active ingr (Flutriafol)_ddH20_Rep3,FR_EXP5_156,0,Layer1,18.488,17.468,19.228,17.535,07/10/2024-07/12/2179,
157,EXP5,Diaporthe longicolla,FELCC193,Topguard 1 active ingr (Flutriafol),Dilution1,Rep1,EXP5_FELCC193_Topguard 1 active ingr (Flutriafol)_Dilution1_Rep1,FR_EXP5_157,5.7975,Layer1,0,0,0,0,07/10/2024-07/12/2180,
158,EXP5,Diaporthe longicolla,FELCC193,Topguard 1 active ingr (Flutriafol),Dilution1,Rep2,EXP5_FELCC193_Topguard 1 active ingr (Flutriafol)_Dilution1_Rep2,FR_EXP5_158,5.7975,Layer1,0,0,0,0,07/10/2024-07/12/2181,
159,EXP5,Diaporthe longicolla,FELCC193,Topguard 1 active ingr (Flutriafol),Dilution1,Rep3,EXP5_FELCC193_Topguard 1 active ingr (Flutriafol)_Dilution1_Rep3,FR_EXP5_159,5.7975,Layer1,0,0,0,0,07/10/2024-07/12/2182,
160,EXP5,Diaporthe longicolla,FELCC193,Topguard 1 active ingr (Flutriafol),Dilution2,Rep1,EXP5_FELCC193_Topguard 1 active ingr (Flutriafol)_Dilution2_Rep1,FR_EXP5_160,0.57975,Layer1,0,0,0,0,07/10/2024-07/12/2183,
161,EXP5,Diaporthe longicolla,FELCC193,Topguard 1 active ingr (Flutriafol),Dilution2,Rep2,EXP5_FELCC193_Topguard 1 active ingr (Flutriafol)_Dilution2_Rep2,FR_EXP5_161,0.57975,Layer1,0,0,0,0,07/10/2024-07/12/2184,
162,EXP5,Diaporthe longicolla,FELCC193,Topguard 1 active ingr (Flutriafol),Dilution2,Rep3,EXP5_FELCC193_Topguard 1 active ingr (Flutriafol)_Dilution2_Rep3,FR_EXP5_162,0.57975,Layer1,0,0,0,0,07/10/2024-07/12/2185,
163,EXP5,Diaporthe longicolla,FELCC193,Topguard 1 active ingr (Flutriafol),Dilution3,Rep1,EXP5_FELCC193_Topguard 1 active ingr (Flutriafol)_Dilution3_Rep1,FR_EXP5_163,0.057975,Layer1,0,0,0,0,07/10/2024-07/12/2186,
164,EXP5,Diaporthe longicolla,FELCC193,Topguard 1 active ingr (Flutriafol),Dilution3,Rep2,EXP5_FELCC193_Topguard 1 active ingr (Flutriafol)_Dilution3_Rep2,FR_EXP5_164,0.057975,Layer1,0,0,0,0,07/10/2024-07/12/2187,
165,EXP5,Diaporthe longicolla,FELCC193,Topguard 1 active ingr (Flutriafol),Dilution3,Rep3,EXP5_FELCC193_Topguard 1 active ingr (Flutriafol)_Dilution3_Rep3,FR_EXP5_165,0.057975,Layer1,0,0,0,0,07/10/2024-07/12/2188,
166,EXP5,Diaporthe longicolla,FELCC193,Topguard 1 active ingr (Flutriafol),ddH20,Rep1,EXP5_FELCC193_Topguard 1 active ingr (Flutriafol)_ddH20_Rep1,FR_EXP5_166,0,Layer1,2.466,1.514,2.289,1.444,07/10/2024-07/12/2189,
167,EXP5,Diaporthe longicolla,FELCC193,Topguard 1 active ingr (Flutriafol),ddH20,Rep2,EXP5_FELCC193_Topguard 1 active ingr (Flutriafol)_ddH20_Rep2,FR_EXP5_167,0,Layer1,4.718,2.57,3.626,4.366,07/10/2024-07/12/2190,
168,EXP5,Diaporthe longicolla,FELCC193,Topguard 1 active ingr (Flutriafol),ddH20,Rep3,EXP5_FELCC193_Topguard 1 active ingr (Flutriafol)_ddH20_Rep3,FR_EXP5_168,0,Layer1,2.746,3.504,2.341,1.955,07/10/2024-07/12/2191,
169,EXP5,Fusarium oxysporum ,FELCC212,Topguard 1 active ingr (Flutriafol),Dilution1,Rep1,EXP5_FELCC212_Topguard 1 active ingr (Flutriafol)_Dilution1_Rep1,FR_EXP5_169,5.7975,Layer1,2.453,2.887,2.513,2.852,07/10/2024-07/12/2192,
170,EXP5,Fusarium oxysporum ,FELCC212,Topguard 1 active ingr (Flutriafol),Dilution1,Rep2,EXP5_FELCC212_Topguard 1 active ingr (Flutriafol)_Dilution1_Rep2,FR_EXP5_170,5.7975,Layer1,4.014,3.873,4.331,4.226,07/10/2024-07/12/2193,
171,EXP5,Fusarium oxysporum ,FELCC212,Topguard 1 active ingr (Flutriafol),Dilution1,Rep3,EXP5_FELCC212_Topguard 1 active ingr (Flutriafol)_Dilution1_Rep3,FR_EXP5_171,5.7975,Layer1,2.922,2.711,3.028,3.24,07/10/2024-07/12/2194,
172,EXP5,Fusarium oxysporum ,FELCC212,Topguard 1 active ingr (Flutriafol),Dilution2,Rep1,EXP5_FELCC212_Topguard 1 active ingr (Flutriafol)_Dilution2_Rep1,FR_EXP5_172,0.57975,Layer1,4.545,4.899,4.192,3.734,07/10/2024-07/12/2195,
173,EXP5,Fusarium oxysporum ,FELCC212,Topguard 1 active ingr (Flutriafol),Dilution2,Rep2,EXP5_FELCC212_Topguard 1 active ingr (Flutriafol)_Dilution2_Rep2,FR_EXP5_173,0.57975,Layer1,7.395,6.867,7.148,7.922,07/10/2024-07/12/2196,
174,EXP5,Fusarium oxysporum ,FELCC212,Topguard 1 active ingr (Flutriafol),Dilution2,Rep3,EXP5_FELCC212_Topguard 1 active ingr (Flutriafol)_Dilution2_Rep3,FR_EXP5_174,0.57975,Layer1,3.171,3.842,3.206,2.958,07/10/2024-07/12/2197,
175,EXP5,Fusarium oxysporum ,FELCC212,Topguard 1 active ingr (Flutriafol),Dilution3,Rep1,EXP5_FELCC212_Topguard 1 active ingr (Flutriafol)_Dilution3_Rep1,FR_EXP5_175,0.057975,Layer1,8.346,9.015,8.737,7.361,07/10/2024-07/12/2198,
176,EXP5,Fusarium oxysporum ,FELCC212,Topguard 1 active ingr (Flutriafol),Dilution3,Rep2,EXP5_FELCC212_Topguard 1 active ingr (Flutriafol)_Dilution3_Rep2,FR_EXP5_176,0.057975,Layer1,10.211,11.34,10.704,10.531,07/10/2024-07/12/2199,
177,EXP5,Fusarium oxysporum ,FELCC212,Topguard 1 active ingr (Flutriafol),Dilution3,Rep3,EXP5_FELCC212_Topguard 1 active ingr (Flutriafol)_Dilution3_Rep3,FR_EXP5_177,0.057975,Layer1,8.204,7.359,7.183,7.783,07/10/2024-07/12/2200,
178,EXP5,Fusarium oxysporum ,FELCC212,Topguard 1 active ingr (Flutriafol),ddH20,Rep1,EXP5_FELCC212_Topguard 1 active ingr (Flutriafol)_ddH20_Rep1,FR_EXP5_178,0,Layer1,10.846,12.893,12.964,12.01,07/10/2024-07/12/2201,
179,EXP5,Fusarium oxysporum ,FELCC212,Topguard 1 active ingr (Flutriafol),ddH20,Rep2,EXP5_FELCC212_Topguard 1 active ingr (Flutriafol)_ddH20_Rep2,FR_EXP5_179,0,Layer1,11.374,13.522,12.816,12.922,07/10/2024-07/12/2202,
180,EXP5,Fusarium oxysporum ,FELCC212,Topguard 1 active ingr (Flutriafol),ddH20,Rep3,EXP5_FELCC212_Topguard 1 active ingr (Flutriafol)_ddH20_Rep3,FR_EXP5_180,0,Layer1,14.24,13.065,13.143,13.174,07/10/2024-07/12/2203,
181,EXP5,Fusarium solani ,FELCC214,Topguard 1 active ingr (Flutriafol),Dilution1,Rep1,EXP5_FELCC214_Topguard 1 active ingr (Flutriafol)_Dilution1_Rep1,FR_EXP5_181,5.7975,Layer1,0.599,0.387,0.739,0.775,07/10/2024-07/12/2204,
182,EXP5,Fusarium solani ,FELCC214,Topguard 1 active ingr (Flutriafol),Dilution1,Rep2,EXP5_FELCC214_Topguard 1 active ingr (Flutriafol)_Dilution1_Rep2,FR_EXP5_182,5.7975,Layer1,1.092,0.775,0.88,0.652,07/10/2024-07/12/2205,
183,EXP5,Fusarium solani ,FELCC214,Topguard 1 active ingr (Flutriafol),Dilution1,Rep3,EXP5_FELCC214_Topguard 1 active ingr (Flutriafol)_Dilution1_Rep3,FR_EXP5_183,5.7975,Layer1,0.88,0.899,1.076,0.986,07/10/2024-07/12/2206,
184,EXP5,Fusarium solani ,FELCC214,Topguard 1 active ingr (Flutriafol),Dilution2,Rep1,EXP5_FELCC214_Topguard 1 active ingr (Flutriafol)_Dilution2_Rep1,FR_EXP5_184,0.57975,Layer1,0.723,1.039,0.74,0.616,07/10/2024-07/12/2207,
185,EXP5,Fusarium solani ,FELCC214,Topguard 1 active ingr (Flutriafol),Dilution2,Rep2,EXP5_FELCC214_Topguard 1 active ingr (Flutriafol)_Dilution2_Rep2,FR_EXP5_185,0.57975,Layer1,0.933,1.251,1.021,1.095,07/10/2024-07/12/2208,
186,EXP5,Fusarium solani ,FELCC214,Topguard 1 active ingr (Flutriafol),Dilution2,Rep3,EXP5_FELCC214_Topguard 1 active ingr (Flutriafol)_Dilution2_Rep3,FR_EXP5_186,0.57975,Layer1,1.234,1.233,1.057,1.023,07/10/2024-07/12/2209,
187,EXP5,Fusarium solani ,FELCC214,Topguard 1 active ingr (Flutriafol),Dilution3,Rep1,EXP5_FELCC214_Topguard 1 active ingr (Flutriafol)_Dilution3_Rep1,FR_EXP5_187,0.057975,Layer1,4.474,4.543,3.733,4.299,07/10/2024-07/12/2210,
188,EXP5,Fusarium solani ,FELCC214,Topguard 1 active ingr (Flutriafol),Dilution3,Rep2,EXP5_FELCC214_Topguard 1 active ingr (Flutriafol)_Dilution3_Rep2,FR_EXP5_188,0.057975,Layer1,3.593,4.085,3.627,4.155,07/10/2024-07/12/2211,
189,EXP5,Fusarium solani ,FELCC214,Topguard 1 active ingr (Flutriafol),Dilution3,Rep3,EXP5_FELCC214_Topguard 1 active ingr (Flutriafol)_Dilution3_Rep3,FR_EXP5_189,0.057975,Layer1,4.053,3.593,4.473,3.663,07/10/2024-07/12/2212,
190,EXP5,Fusarium solani ,FELCC214,Topguard 1 active ingr (Flutriafol),ddH20,Rep1,EXP5_FELCC214_Topguard 1 active ingr (Flutriafol)_ddH20_Rep1,FR_EXP5_190,0,Layer1,5.105,5.106,5.071,5.036,07/10/2024-07/12/2213,
191,EXP5,Fusarium solani ,FELCC214,Topguard 1 active ingr (Flutriafol),ddH20,Rep2,EXP5_FELCC214_Topguard 1 active ingr (Flutriafol)_ddH20_Rep2,FR_EXP5_191,0,Layer1,5.008,5.108,4.895,4.578,07/10/2024-07/12/2214,
192,EXP5,Fusarium solani ,FELCC214,Topguard 1 active ingr (Flutriafol),ddH20,Rep3,EXP5_FELCC214_Topguard 1 active ingr (Flutriafol)_ddH20_Rep3,FR_EXP5_192,0,Layer1,4.968,5,5.286,4.929,07/10/2024-07/12/2215,
193,EXP5,Rhizoctonia solani,FELCC 26,Quadris 1 active ingr (Azoxystrobin),Dilution1,Rep1,EXP5_FELCC 26_Quadris 1 active ingr (Azoxystrobin)_Dilution1_Rep1,FR_EXP5_193,6.1036,Layer1,2.928,2.678,2.747,2.57,07/10/2024-07/12/2216,
194,EXP5,Rhizoctonia solani,FELCC 26,Quadris 1 active ingr (Azoxystrobin),Dilution1,Rep2,EXP5_FELCC 26_Quadris 1 active ingr (Azoxystrobin)_Dilution1_Rep2,FR_EXP5_194,6.1036,Layer1,4.313,3.824,3.54,3.733,07/10/2024-07/12/2217,
195,EXP5,Rhizoctonia solani,FELCC 26,Quadris 1 active ingr (Azoxystrobin),Dilution1,Rep3,EXP5_FELCC 26_Quadris 1 active ingr (Azoxystrobin)_Dilution1_Rep3,FR_EXP5_195,6.1036,Layer1,1.021,0.915,0.845,1.127,07/10/2024-07/12/2218,
196,EXP5,Rhizoctonia solani,FELCC 26,Quadris 1 active ingr (Azoxystrobin),Dilution2,Rep1,EXP5_FELCC 26_Quadris 1 active ingr (Azoxystrobin)_Dilution2_Rep1,FR_EXP5_196,0.61036,Layer1,3.664,5.845,2.394,3.664,07/10/2024-07/12/2219,
197,EXP5,Rhizoctonia solani,FELCC 26,Quadris 1 active ingr (Azoxystrobin),Dilution2,Rep2,EXP5_FELCC 26_Quadris 1 active ingr (Azoxystrobin)_Dilution2_Rep2,FR_EXP5_197,0.61036,Layer1,5.744,5.704,3.805,8.099,07/10/2024-07/12/2220,
198,EXP5,Rhizoctonia solani,FELCC 26,Quadris 1 active ingr (Azoxystrobin),Dilution2,Rep3,EXP5_FELCC 26_Quadris 1 active ingr (Azoxystrobin)_Dilution2_Rep3,FR_EXP5_198,0.61036,Layer1,1.164,0.845,0.915,0.951,07/10/2024-07/12/2221,
199,EXP5,Rhizoctonia solani,FELCC 26,Quadris 1 active ingr (Azoxystrobin),Dilution3,Rep1,EXP5_FELCC 26_Quadris 1 active ingr (Azoxystrobin)_Dilution3_Rep1,FR_EXP5_199,0.061036,Layer1,10.53,8.172,9.861,8.204,07/10/2024-07/12/2222,
200,EXP5,Rhizoctonia solani,FELCC 26,Quadris 1 active ingr (Azoxystrobin),Dilution3,Rep2,EXP5_FELCC 26_Quadris 1 active ingr (Azoxystrobin)_Dilution3_Rep2,FR_EXP5_200,0.061036,Layer1,8.592,8.953,9.965,5.778,07/10/2024-07/12/2223,
201,EXP5,Rhizoctonia solani,FELCC 26,Quadris 1 active ingr (Azoxystrobin),Dilution3,Rep3,EXP5_FELCC 26_Quadris 1 active ingr (Azoxystrobin)_Dilution3_Rep3,FR_EXP5_201,0.061036,Layer1,4.661,6.352,7.219,9.387,07/10/2024-07/12/2224,
202,EXP5,Rhizoctonia solani,FELCC 26,Quadris 1 active ingr (Azoxystrobin),ddH20,Rep1,EXP5_FELCC 26_Quadris 1 active ingr (Azoxystrobin)_ddH20_Rep1,FR_EXP5_202,0,Layer1,16.503,11.943,16.771,7.61,07/10/2024-07/12/2225,
203,EXP5,Rhizoctonia solani,FELCC 26,Quadris 1 active ingr (Azoxystrobin),ddH20,Rep2,EXP5_FELCC 26_Quadris 1 active ingr (Azoxystrobin)_ddH20_Rep2,FR_EXP5_203,0,Layer1,15.081,8.707,14.791,22.466,07/10/2024-07/12/2226,
204,EXP5,Rhizoctonia solani,FELCC 26,Quadris 1 active ingr (Azoxystrobin),ddH20,Rep3,EXP5_FELCC 26_Quadris 1 active ingr (Azoxystrobin)_ddH20_Rep3,FR_EXP5_204,0,Layer1,18.528,21.142,23.143,24.375,07/10/2024-07/12/2227,
205,EXP5,Diaporthe longicolla,FELCC193,Quadris 1 active ingr (Azoxystrobin),Dilution1,Rep1,EXP5_FELCC193_Quadris 1 active ingr (Azoxystrobin)_Dilution1_Rep1,FR_EXP5_205,6.1036,Layer1,2.817,2.43,3.028,2.363,07/10/2024-07/12/2228,
206,EXP5,Diaporthe longicolla,FELCC193,Quadris 1 active ingr (Azoxystrobin),Dilution1,Rep2,EXP5_FELCC193_Quadris 1 active ingr (Azoxystrobin)_Dilution1_Rep2,FR_EXP5_206,6.1036,Layer1,3.065,2.36,1.904,2.467,07/10/2024-07/12/2229,
207,EXP5,Diaporthe longicolla,FELCC193,Quadris 1 active ingr (Azoxystrobin),Dilution1,Rep3,EXP5_FELCC193_Quadris 1 active ingr (Azoxystrobin)_Dilution1_Rep3,FR_EXP5_207,6.1036,Layer1,4.085,2.73,3.063,4.578,07/10/2024-07/12/2230,
208,EXP5,Diaporthe longicolla,FELCC193,Quadris 1 active ingr (Azoxystrobin),Dilution2,Rep1,EXP5_FELCC193_Quadris 1 active ingr (Azoxystrobin)_Dilution2_Rep1,FR_EXP5_208,0.61036,Layer1,2.891,3.171,3.143,2.078,07/10/2024-07/12/2231,
209,EXP5,Diaporthe longicolla,FELCC193,Quadris 1 active ingr (Azoxystrobin),Dilution2,Rep2,EXP5_FELCC193_Quadris 1 active ingr (Azoxystrobin)_Dilution2_Rep2,FR_EXP5_209,0.61036,Layer1,3.886,4.507,4.977,3.239,07/10/2024-07/12/2232,
210,EXP5,Diaporthe longicolla,FELCC193,Quadris 1 active ingr (Azoxystrobin),Dilution2,Rep3,EXP5_FELCC193_Quadris 1 active ingr (Azoxystrobin)_Dilution2_Rep3,FR_EXP5_210,0.61036,Layer1,3.453,3.45,3.328,3.152,07/10/2024-07/12/2233,
211,EXP5,Diaporthe longicolla,FELCC193,Quadris 1 active ingr (Azoxystrobin),Dilution3,Rep1,EXP5_FELCC193_Quadris 1 active ingr (Azoxystrobin)_Dilution3_Rep1,FR_EXP5_211,0.061036,Layer1,3.556,3.064,2.993,3.415,07/10/2024-07/12/2234,
212,EXP5,Diaporthe longicolla,FELCC193,Quadris 1 active ingr (Azoxystrobin),Dilution3,Rep2,EXP5_FELCC193_Quadris 1 active ingr (Azoxystrobin)_Dilution3_Rep2,FR_EXP5_212,0.061036,Layer1,3.345,3.099,3.486,3.064,07/10/2024-07/12/2235,
213,EXP5,Diaporthe longicolla,FELCC193,Quadris 1 active ingr (Azoxystrobin),Dilution3,Rep3,EXP5_FELCC193_Quadris 1 active ingr (Azoxystrobin)_Dilution3_Rep3,FR_EXP5_213,0.061036,Layer1,3.506,3.857,4.209,2.976,07/10/2024-07/12/2236,
214,EXP5,Diaporthe longicolla,FELCC193,Quadris 1 active ingr (Azoxystrobin),ddH20,Rep1,EXP5_FELCC193_Quadris 1 active ingr (Azoxystrobin)_ddH20_Rep1,FR_EXP5_214,0,Layer1,4.441,3.771,2.395,2.961,07/10/2024-07/12/2237,
215,EXP5,Diaporthe longicolla,FELCC193,Quadris 1 active ingr (Azoxystrobin),ddH20,Rep2,EXP5_FELCC193_Quadris 1 active ingr (Azoxystrobin)_ddH20_Rep2,FR_EXP5_215,0,Layer1,2.888,4.262,4.19,2.571,07/10/2024-07/12/2238,
216,EXP5,Diaporthe longicolla,FELCC193,Quadris 1 active ingr (Azoxystrobin),ddH20,Rep3,EXP5_FELCC193_Quadris 1 active ingr (Azoxystrobin)_ddH20_Rep3,FR_EXP5_216,0,Layer1,2.083,2.712,3.312,3.381,07/10/2024-07/12/2239,
217,EXP5,Fusarium oxysporum ,FELCC212,Quadris 1 active ingr (Azoxystrobin),Dilution1,Rep1,EXP5_FELCC212_Quadris 1 active ingr (Azoxystrobin)_Dilution1_Rep1,FR_EXP5_217,6.1036,Layer1,8.593,8.135,8.498,7.394,07/10/2024-07/12/2240,
218,EXP5,Fusarium oxysporum ,FELCC212,Quadris 1 active ingr (Azoxystrobin),Dilution1,Rep2,EXP5_FELCC212_Quadris 1 active ingr (Azoxystrobin)_Dilution1_Rep2,FR_EXP5_218,6.1036,Layer1,5.81,7.007,6.901,4.789,07/10/2024-07/12/2241,
219,EXP5,Fusarium oxysporum ,FELCC212,Quadris 1 active ingr (Azoxystrobin),Dilution1,Rep3,EXP5_FELCC212_Quadris 1 active ingr (Azoxystrobin)_Dilution1_Rep3,FR_EXP5_219,6.1036,Layer1,7.218,7.253,6.408,6.41,07/10/2024-07/12/2242,
220,EXP5,Fusarium oxysporum ,FELCC212,Quadris 1 active ingr (Azoxystrobin),Dilution2,Rep1,EXP5_FELCC212_Quadris 1 active ingr (Azoxystrobin)_Dilution2_Rep1,FR_EXP5_220,0.61036,Layer1,9.968,10.759,10.005,10.852,07/10/2024-07/12/2243,
221,EXP5,Fusarium oxysporum ,FELCC212,Quadris 1 active ingr (Azoxystrobin),Dilution2,Rep2,EXP5_FELCC212_Quadris 1 active ingr (Azoxystrobin)_Dilution2_Rep2,FR_EXP5_221,0.61036,Layer1,12.006,10.458,10.537,10.85,07/10/2024-07/12/2244,
222,EXP5,Fusarium oxysporum ,FELCC212,Quadris 1 active ingr (Azoxystrobin),Dilution2,Rep3,EXP5_FELCC212_Quadris 1 active ingr (Azoxystrobin)_Dilution2_Rep3,FR_EXP5_222,0.61036,Layer1,10.33,11.022,9.087,10.281,07/10/2024-07/12/2245,
223,EXP5,Fusarium oxysporum ,FELCC212,Quadris 1 active ingr (Azoxystrobin),Dilution3,Rep1,EXP5_FELCC212_Quadris 1 active ingr (Azoxystrobin)_Dilution3_Rep1,FR_EXP5_223,0.061036,Layer1,10.14,9.508,9.542,9.226,07/10/2024-07/12/2246,
224,EXP5,Fusarium oxysporum ,FELCC212,Quadris 1 active ingr (Azoxystrobin),Dilution3,Rep2,EXP5_FELCC212_Quadris 1 active ingr (Azoxystrobin)_Dilution3_Rep2,FR_EXP5_224,0.061036,Layer1,13.063,12.614,13.098,12.048,07/10/2024-07/12/2247,
225,EXP5,Fusarium oxysporum ,FELCC212,Quadris 1 active ingr (Azoxystrobin),Dilution3,Rep3,EXP5_FELCC212_Quadris 1 active ingr (Azoxystrobin)_Dilution3_Rep3,FR_EXP5_225,0.061036,Layer1,9.896,9.8,9.651,8.632,07/10/2024-07/12/2248,
226,EXP5,Fusarium oxysporum ,FELCC212,Quadris 1 active ingr (Azoxystrobin),ddH20,Rep1,EXP5_FELCC212_Quadris 1 active ingr (Azoxystrobin)_ddH20_Rep1,FR_EXP5_226,0,Layer1,10.621,9.719,8.547,9.013,07/10/2024-07/12/2249,
227,EXP5,Fusarium oxysporum ,FELCC212,Quadris 1 active ingr (Azoxystrobin),ddH20,Rep2,EXP5_FELCC212_Quadris 1 active ingr (Azoxystrobin)_ddH20_Rep2,FR_EXP5_227,0,Layer1,12.695,11.831,11.599,13.274,07/10/2024-07/12/2250,
228,EXP5,Fusarium oxysporum ,FELCC212,Quadris 1 active ingr (Azoxystrobin),ddH20,Rep3,EXP5_FELCC212_Quadris 1 active ingr (Azoxystrobin)_ddH20_Rep3,FR_EXP5_228,0,Layer1,14.514,13.212,13.526,13.352,07/10/2024-07/12/2251,
229,EXP5,Fusarium solani ,FELCC214,Quadris 1 active ingr (Azoxystrobin),Dilution1,Rep1,EXP5_FELCC214_Quadris 1 active ingr (Azoxystrobin)_Dilution1_Rep1,FR_EXP5_229,6.1036,Layer1,1.655,2.254,1.514,2.218,07/10/2024-07/12/2252,
230,EXP5,Fusarium solani ,FELCC214,Quadris 1 active ingr (Azoxystrobin),Dilution1,Rep2,EXP5_FELCC214_Quadris 1 active ingr (Azoxystrobin)_Dilution1_Rep2,FR_EXP5_230,6.1036,Layer1,2.325,2.888,2.676,2.256,07/10/2024-07/12/2253,
231,EXP5,Fusarium solani ,FELCC214,Quadris 1 active ingr (Azoxystrobin),Dilution1,Rep3,EXP5_FELCC214_Quadris 1 active ingr (Azoxystrobin)_Dilution1_Rep3,FR_EXP5_231,6.1036,Layer1,2.57,3.908,4.05,3.064,07/10/2024-07/12/2254,
232,EXP5,Fusarium solani ,FELCC214,Quadris 1 active ingr (Azoxystrobin),Dilution2,Rep1,EXP5_FELCC214_Quadris 1 active ingr (Azoxystrobin)_Dilution2_Rep1,FR_EXP5_232,0.61036,Layer1,2.782,3.134,3.873,3.314,07/10/2024-07/12/2255,
233,EXP5,Fusarium solani ,FELCC214,Quadris 1 active ingr (Azoxystrobin),Dilution2,Rep2,EXP5_FELCC214_Quadris 1 active ingr (Azoxystrobin)_Dilution2_Rep2,FR_EXP5_233,0.61036,Layer1,4.024,2.855,3.822,3.351,07/10/2024-07/12/2256,
234,EXP5,Fusarium solani ,FELCC214,Quadris 1 active ingr (Azoxystrobin),Dilution2,Rep3,EXP5_FELCC214_Quadris 1 active ingr (Azoxystrobin)_Dilution2_Rep3,FR_EXP5_234,0.61036,Layer1,3.629,3.984,5.003,3.593,07/10/2024-07/12/2257,
235,EXP5,Fusarium solani ,FELCC214,Quadris 1 active ingr (Azoxystrobin),Dilution3,Rep1,EXP5_FELCC214_Quadris 1 active ingr (Azoxystrobin)_Dilution3_Rep1,FR_EXP5_235,0.061036,Layer1,3.522,3.912,4.19,3.418,07/10/2024-07/12/2258,
236,EXP5,Fusarium solani ,FELCC214,Quadris 1 active ingr (Azoxystrobin),Dilution3,Rep2,EXP5_FELCC214_Quadris 1 active ingr (Azoxystrobin)_Dilution3_Rep2,FR_EXP5_236,0.061036,Layer1,4.014,4.297,3.979,3.98,07/10/2024-07/12/2259,
237,EXP5,Fusarium solani ,FELCC214,Quadris 1 active ingr (Azoxystrobin),Dilution3,Rep3,EXP5_FELCC214_Quadris 1 active ingr (Azoxystrobin)_Dilution3_Rep3,FR_EXP5_237,0.061036,Layer1,3.848,4.267,3.137,3.532,07/10/2024-07/12/2260,
238,EXP5,Fusarium solani ,FELCC214,Quadris 1 active ingr (Azoxystrobin),ddH20,Rep1,EXP5_FELCC214_Quadris 1 active ingr (Azoxystrobin)_ddH20_Rep1,FR_EXP5_238,0,Layer1,3.736,3.172,3.346,3.345,07/10/2024-07/12/2261,
239,EXP5,Fusarium solani ,FELCC214,Quadris 1 active ingr (Azoxystrobin),ddH20,Rep2,EXP5_FELCC214_Quadris 1 active ingr (Azoxystrobin)_ddH20_Rep2,FR_EXP5_239,0,Layer1,5.246,5.107,4.966,5.073,07/10/2024-07/12/2262,
240,EXP5,Fusarium solani ,FELCC214,Quadris 1 active ingr (Azoxystrobin),ddH20,Rep3,EXP5_FELCC214_Quadris 1 active ingr (Azoxystrobin)_ddH20_Rep3,FR_EXP5_240,0,Layer1,5.563,5.215,4.966,4.613,07/10/2024-07/12/2263,
